{
  "lat0": 39.987503,
  "lon0": -89.969652,
  "radius_m": 31032.8,
  "max_speed_kmh_suggestion": 138.27735228326713,
  "debounce_sec_hint": 10
}